{
    "Activity": true,
    "Analytics": true,
    "Calendar": true,
    "Clients": true,
    "Comments": true,
    "Contacts": true,
    "Contracts": true,
    "Creditnotes": true,
    "Dashboard": true,
    "Deals": true,
    "Estimates": true,
    "Expenses": true,
    "Extras": true,
    "Files": true,
    "Installer": true,
    "Invoices": true,
    "Issues": true,
    "Items": true,
    "Knowledgebase": true,
    "Leads": true,
    "Messages": true,
    "Milestones": true,
    "Notes": true,
    "Payments": true,
    "Projects": true,
    "Settings": true,
    "Subscriptions": true,
    "Tasks": true,
    "Teams": true,
    "Tickets": true,
    "Timetracking": true,
    "Todos": true,
    "Updates": true,
    "Users": true,
    "Webhook": true
}